"prompt","response","clarity","factuality","style","clarity_reason","factuality_reason","style_reason"
"Explain quantum computing in simple terms.","Sure! Think of traditional computers as very fast and powerful calculators that use bits as their basic units of information. A bit can be either a 0 or a 1, like a light switch that can be off or on.
Quantum computers work differently. They use something called quantum bits, or qubits. Unlike regular bits, qubits can be both 0 and 1 at the same time due to a property called superposition. Imagine a spinning coin that is both heads and tails while it's spinning!
Another important concept in quantum computing is entanglement. This means that qubits can be linked together in such a way that the state of one qubit can depend on the state of another, no matter how far apart they are. It's like having a pair of magic dice that always show the same number when rolled, even if they're on opposite sides of the universe!
Because of superposition and entanglement, quantum computers can process a lot of possibilities at once, making them potentially much more powerful than traditional computers for certain tasks. They can tackle complex problems in fields like cryptography, material science, and optimization much faster than classical computers. 
In summary, quantum computing is a new way of processing information that leverages the strange behaviors of quantum physics to solve problems that are really tough for regular computers.","5.0","5.0","4.0","The explanation is well-structured and easy to follow, using relatable analogies.","The details about bits, qubits, superposition, and entanglement are accurate and clearly presented.","The response is engaging and concise but could be slightly more streamlined to enhance readability."
"Write a haiku about machine learning.","Data whispers truths,  
Patterns dance in silent code,  
Machines learn to dream.","5.0","5.0","5.0","The response is concise and clearly conveys the theme of machine learning through vivid imagery.","The response represents concepts related to machine learning accurately without any misleading information.","The haiku is engaging, poetic, and effectively captures the essence of the subject matter in a concise form."
"What causes rainbows?","Rainbows are caused by the refraction, dispersion, and reflection of sunlight as it passes through water droplets in the atmosphere. Here’s a breakdown of the process:
1. **Refraction**: When sunlight enters a water droplet, it slows down and bends as it passes from air (a less dense medium) into water (a denser medium). This bending of light is called refraction.
2. **Dispersion**: Different colors of light travel at slightly different speeds, which means they bend at different angles. This phenomenon is known as dispersion. As the light refracts, it separates into its component colors—typically red, orange, yellow, green, blue, indigo, and violet.
3. **Reflection**: After the light has been refracted and dispersed inside the droplet, some of it is reflected off the inner surface of the droplet. This reflection directs the light back towards the viewer.
4. **Refraction (again)**: As the light exits the droplet, it is refracted again, which further separates the colors.
When viewed from a specific angle (usually about 42 degrees from the original direction of sunlight), the observer sees this refracted light as a circular arc of colors, which is what we perceive as a rainbow. If there are many water droplets in the sky, such as during or after rain, a rainbow can be seen as a spectrum of colors in the sky.","5.0","5.0","4.0","The response is well-structured and easy to follow, explaining the process in a clear, logical order.","The explanation of the causes of rainbows is accurate and aligns with scientific understanding.","The response is engaging and informative, but could be slightly more concise to enhance readability."
"Summarize the history of AI in 3 sentences.","The history of AI began in the mid-20th century when pioneers like Alan Turing and John McCarthy laid the groundwork by developing foundational concepts and early programs that could perform tasks requiring human-like intelligence. Progress was slow for several decades due to limitations in computing power and understanding, leading to periods known as ""AI winters"" when interest and funding diminished. In the 21st century, advancements in machine learning, particularly deep learning, and the availability of vast amounts of data have propelled AI into a new era, resulting in significant breakthroughs and widespread applications across various fields.","5.0","5.0","4.0","The response is well-structured and conveys the history of AI clearly.","The information provided is accurate and aligns with the known history of AI.","The response is engaging and concise, though could include more varied vocabulary."
"Give pros and cons of nuclear energy.","Nuclear energy has several advantages and disadvantages, which can influence its role in the global energy landscape. Here’s a breakdown of the pros and cons:
### Pros of Nuclear Energy
1. **Low Greenhouse Gas Emissions**: Nuclear power plants produce minimal greenhouse gases compared to fossil fuels, helping mitigate climate change.
2. **High Energy Density**: A small amount of nuclear fuel can produce a large amount of energy. This means that nuclear power can generate large quantities of electricity in a compact space.
3. **Reliability**: Nuclear power plants operate continuously and can provide a stable and reliable source of electricity, contributing to energy security.
4. **Long-Term Fuel Supply**: Uranium resources are abundant and can be extracted from various sources. Additionally, advancements in nuclear technology could allow for the use of thorium or for recycling spent fuel.
5. **Job Creation**: The construction, operation, and maintenance of nuclear power plants create numerous jobs, contributing positively to local and national economies.
6. **Potential for Advances**: Innovations such as small modular reactors (SMRs) and fusion reactors promise to improve safety and efficiency in the future.
### Cons of Nuclear Energy
1. **Nuclear Accidents**: High-profile accidents (e.g., Chernobyl, Fukushima) raise concerns about safety, leading to public fear and opposition to nuclear energy.
2. **Radioactive Waste**: The management of nuclear waste is a significant challenge. Long-lived radioactive materials require safe storage for thousands of years.
3. **High Initial Costs**: Building nuclear power plants requires substantial capital investment. Construction can also face delays and cost overruns.
4. **Limited Fuel Supply**: While uranium is currently abundant, it is a finite resource. Sustainable practices and recycling are necessary to ensure long-term viability.
5. **Nuclear Proliferation Risks**: The technology and materials used in nuclear energy can potentially be diverted for nuclear weapons development, prompting security concerns.
6. **Public Opposition**: Due to safety concerns and potential environmental impacts, nuclear energy projects often face substantial opposition from communities and activists.
7. **Water Usage**: Nuclear plants require significant amounts of water for cooling, which can strain local water resources and have ecological implications.
In summary, while nuclear energy offers a low-carbon and reliable energy source, it faces challenges related to safety, waste management, costs, and public perception. The debate over its use continues to evolve amidst efforts to combat climate change and transition to sustainable energy systems.","","","","","",""
